[{
  "parent": "FlatJSONNode1",
  "child": "FlatJSONNode2",
  "FlatJSON Attribute A": "22",
  "FlatJSON Attribute B": "someValue"
}, {
  "parent": "FlatJSONNode1",
  "child": "FlatJSONNode3",
  "FlatJSON Attribute A": "23",
  "FlatJSON Attribute B": "someValue"
}, {
  "parent": "FlatJSONNode2",
  "child": "FlatJSONNode4",
  "FlatJSON Attribute A": "1",
  "FlatJSON Attribute B": "someValue"
}, {
  "parent": "FlatJSONNode2",
  "child": "FlatJSONNode5",
  "FlatJSON Attribute A": "2",
  "FlatJSON Attribute B": "someValue"
}, {
  "parent": "FlatJSONNode2",
  "child": "FlatJSONNode6",
  "FlatJSON Attribute A": "3",
  "FlatJSON Attribute B": "someValue"
}, {
  "parent": "FlatJSONNode2",
  "child": "FlatJSONNode7",
  "FlatJSON Attribute A": "4",
  "FlatJSON Attribute B": "someValue"
}, {
  "parent": "FlatJSONNode2",
  "child": "FlatJSONNode8",
  "FlatJSON Attribute A": "5",
  "FlatJSON Attribute B": "someValue"
}, {
  "parent": "FlatJSONNode2",
  "child": "FlatJSONNode9",
  "FlatJSON Attribute A": "6",
  "FlatJSON Attribute B": "someValue"
}, {
  "parent": "FlatJSONNode2",
  "child": "FlatJSONNode10",
  "FlatJSON Attribute A": "7",
  "FlatJSON Attribute B": "someValue"
}, {
  "parent": "FlatJSONNode4",
  "child": "FlatJSONNode11",
  "FlatJSON Attribute A": "8",
  "FlatJSON Attribute B": "someValue"
}, {
  "parent": "FlatJSONNode7",
  "child": "FlatJSONNode12",
  "FlatJSON Attribute A": "9",
  "FlatJSON Attribute B": "someValue"
}, {
  "parent": "FlatJSONNode9",
  "child": "FlatJSONNode13",
  "FlatJSON Attribute A": "10",
  "FlatJSON Attribute B": "someValue"
}, {
  "parent": "FlatJSONNode10",
  "child": "FlatJSONNode14",
  "FlatJSON Attribute A": "11",
  "FlatJSON Attribute B": "someValue"
}, {
  "parent": "FlatJSONNode11",
  "child": "FlatJSONNode15",
  "FlatJSON Attribute A": "12",
  "FlatJSON Attribute B": "someValue"
}, {
  "parent": "FlatJSONNode3",
  "child": "FlatJSONNode16",
  "FlatJSON Attribute A": "13",
  "FlatJSON Attribute B": "someValue"
}, {
  "parent": "FlatJSONNode16",
  "child": "FlatJSONNode17",
  "FlatJSON Attribute A": "14",
  "FlatJSON Attribute B": "someValue"
}, {
  "parent": "FlatJSONNode16",
  "child": "FlatJSONNode18",
  "FlatJSON Attribute A": "15",
  "FlatJSON Attribute B": "someValue"
}, {
  "parent": "FlatJSONNode16",
  "child": "FlatJSONNode19",
  "FlatJSON Attribute A": "16",
  "FlatJSON Attribute B": "someValue"
}, {
  "parent": "FlatJSONNode16",
  "child": "FlatJSONNode20",
  "FlatJSON Attribute A": "17",
  "FlatJSON Attribute B": "someValue"
}, {
  "parent": "FlatJSONNode17",
  "child": "FlatJSONNode21",
  "FlatJSON Attribute A": "18",
  "FlatJSON Attribute B": "someValue"
}, {
  "parent": "FlatJSONNode18",
  "child": "FlatJSONNode22",
  "FlatJSON Attribute A": "19",
  "FlatJSON Attribute B": "someValue"
}, {
  "parent": "FlatJSONNode19",
  "child": "FlatJSONNode23",
  "FlatJSON Attribute A": "20",
  "FlatJSON Attribute B": "someValue"
}, {
  "parent": "FlatJSONNode20",
  "child": "FlatJSONNode24",
  "FlatJSON Attribute A": "21",
  "FlatJSON Attribute B": "someValue"
}]
